{"means": [7.043, 597.41374, 1211.0568699999997], "stds": [3.92417519996241, 351.12409596610223, 742.4826603738987]}